﻿pos_x,pos_y,rotation,side,designator,mpn,pack,value,mount_type,place
103.2816,-41.6052,90.0,top,C1,,C_0603_1608Metric_Pad1.08x0.95mm_HandSolder,10u,smt,True
97.9984,-41.6052,90.0,top,C2,,C_0603_1608Metric_Pad1.08x0.95mm_HandSolder,10u,smt,True
98.735,-66.675,135.0,top,C3,,C_0603_1608Metric_Pad1.08x0.95mm_HandSolder,10u,smt,True
96.703,-63.86,-45.0,top,C4,,C_0603_1608Metric_Pad1.08x0.95mm_HandSolder,100n,smt,True
97.9995,-73.533,180.0,top,C5,,C_0603_1608Metric_Pad1.08x0.95mm_HandSolder,100n,smt,True
101.275,-69.977,-90.0,top,C6,,C_0603_1608Metric_Pad1.08x0.95mm_HandSolder,100n,smt,True
95.7632,-42.981357,180.0,top,D1,,D_0603_1608Metric,Schottky,smt,True
92.1056,-37.465,-90.0,top,D2,,LED_0603_1608Metric_Pad1.05x0.95mm_HandSolder,AMBER,smt,True
105.5168,-40.848139,0.0,top,D4,,D_0603_1608Metric,Schottky,smt,True
104.45,-44.45,180.0,top,F1,,Fuse_1206_3216Metric,Polyfuse,smt,True
92.512,-32.385,180.0,bottom,H1,,MountingHole_2.2mm_M2,M2_2.2mm_TL,tht,False
108.768,-32.385,180.0,bottom,H2,,MountingHole_2.2mm_M2,M2_2.2mm_TR,tht,False
92.512,-93.091,180.0,bottom,H3,,MountingHole_2.2mm_M2,M2_2.2mm_BL,tht,False
108.768,-93.091,180.0,bottom,H4,,MountingHole_2.2mm_M2,M2_2.2mm_BR,tht,False
96.83,-86.233,90.0,top,J1,,PinHeader_1x04_P2.54mm_Vertical,Pin_01x04,tht,True
96.83,-83.693,90.0,top,J2,,PinHeader_1x04_P2.54mm_Vertical,Pin_01x04,tht,True
100.64,-35.285,180.0,top,J3,,USB_Mini-B_Wuerth_65100516121_Horizontal,USB_B_Mini,smt,True
93.02,-40.513,180.0,bottom,J5,,PinHeader_1x20_P2.54mm_Vertical,Pin_01x20,tht,True
108.26,-40.513,180.0,bottom,J6,,PinHeader_1x20_P2.54mm_Vertical,Pin_01x20,tht,True
93.6804,-37.4142,-90.0,top,R2,,R_0603_1608Metric_Pad0.98x0.95mm_HandSolder,1k,smt,True
100.64,-79.375,180.0,top,SW1,,SW_SPST_PTS810,PTS810,smt,True
95.2552,-67.31,0.0,top,TP4,,TestPoint_THTPad_D1.0mm_Drill0.5mm,TestPoint,tht,True
100.64,-91.758,0.0,top,TP5,,TestPoint_THTPad_D4.0mm_Drill2.0mm,GND Test,tht,True
100.767,-49.276,180.0,top,U1,,SOT-223-3_TabPin2,TLV1117-33,smt,True
100.64,-59.055,45.0,top,U2,,LQFP-32_7x7mm_P0.8mm,STM32G0B1KET6,smt,True
97.567157,-70.485,180.0,top,X1,,Oscillator_SMD_SeikoEpson_SG8002LB-4Pin_5.0x3.2mm,SG-5032CAN,smt,True
