﻿designator,quantity,value,pack,mpn,mount_type
"C1, C2, C3",3,10u,C_0603_1608Metric_Pad1.08x0.95mm_HandSolder,,smt
"C4, C5, C6",3,100n,C_0603_1608Metric_Pad1.08x0.95mm_HandSolder,,smt
"D1, D4",2,Schottky,D_0603_1608Metric,,smt
D2,1,AMBER,LED_0603_1608Metric_Pad1.05x0.95mm_HandSolder,,smt
F1,1,Polyfuse,Fuse_1206_3216Metric,,smt
H1,1,M2_2.2mm_TL,MountingHole_2.2mm_M2,,tht
H2,1,M2_2.2mm_TR,MountingHole_2.2mm_M2,,tht
H3,1,M2_2.2mm_BL,MountingHole_2.2mm_M2,,tht
H4,1,M2_2.2mm_BR,MountingHole_2.2mm_M2,,tht
"J1, J2",2,Pin_01x04,PinHeader_1x04_P2.54mm_Vertical,,tht
J3,1,USB_B_Mini,USB_Mini-B_Wuerth_65100516121_Horizontal,,smt
"J5, J6",2,Pin_01x20,PinHeader_1x20_P2.54mm_Vertical,,tht
R2,1,1k,R_0603_1608Metric_Pad0.98x0.95mm_HandSolder,,smt
SW1,1,PTS810,SW_SPST_PTS810,,smt
TP4,1,TestPoint,TestPoint_THTPad_D1.0mm_Drill0.5mm,,tht
TP5,1,GND Test,TestPoint_THTPad_D4.0mm_Drill2.0mm,,tht
U1,1,TLV1117-33,SOT-223-3_TabPin2,,smt
U2,1,STM32G0B1KET6,LQFP-32_7x7mm_P0.8mm,,smt
X1,1,SG-5032CAN,Oscillator_SMD_SeikoEpson_SG8002LB-4Pin_5.0x3.2mm,,smt
